condition_number,smallest,largest
838721.1062449119,3.036469793465702e-6,2.546751304254813