condition_number,smallest,largest
2.1596145522926584e8,1.389043661954551e-8,2.9997989061269323