condition_number,smallest,largest
10627.469616570474,0.00023759489035057133,2.52503247825309