condition_number,smallest,largest
5.874591631086763e11,3.973131487252722e-12,2.3340524984222144