problem,solver,cost,cost_change,gradient_norm,step_norm,damping,iters,setup_time,solve_time,iter_time,eta,cameras,points,flops,loss,hostname
0,multigrid,1.68228e-05,0,0.222328,0,0.0001,0,0,0,0.0153639,0.01,1979,3910,0,huber,sparrowhawk
1,multigrid,1.05445e-09,1.68217e-05,0.000287522,0.066463,3.33333e-05,2,45.1339,2.12613,47.2815,0.01,1979,3910,40961024,huber,sparrowhawk
2,multigrid,6.78646e-11,9.86585e-10,8.35876e-06,0.0211774,1.11111e-05,9,0.724668,0.270879,1.01633,0.01,1979,3910,178145733,huber,sparrowhawk
3,multigrid,1.21298e-11,5.57348e-11,9.66271e-07,0.017564,3.7037e-06,16,0.714133,0.590496,1.32477,0.01,1979,3910,317089532,huber,sparrowhawk
4,multigrid,1.93729e-12,1.01925e-11,6.34014e-07,0.0160201,1.23457e-06,23,0.715665,0.766837,1.50259,0.01,1979,3910,456043633,huber,sparrowhawk
5,multigrid,3.72032e-13,1.56526e-12,1.18508e-07,0.0102386,4.11523e-07,39,0.687035,1.17557,1.88274,0.01,1979,3910,771386823,huber,sparrowhawk
6,multigrid,9.35505e-14,2.78482e-13,2.33579e-08,0.00630628,1.37174e-07,63,0.756593,2.07886,2.85554,0.01,1979,3910,1247053269,huber,sparrowhawk
7,multigrid,2.40018e-14,6.95487e-14,1.1588e-08,0.00515712,4.57247e-08,124,0.658184,3.65157,4.32986,0.01,1979,3910,2453169658,huber,sparrowhawk
8,multigrid,5.72097e-15,1.82809e-14,1.47012e-08,0.00515249,1.52416e-08,212,0.697971,6.507,7.22504,0.01,1979,3910,4193671880,huber,sparrowhawk
