condition_number,smallest,largest
5.844622240435735e11,3.992002156987864e-12,2.3331744590598693