problem,solver,cost,cost_change,gradient_norm,step_norm,damping,iters,setup_time,solve_time,iter_time,eta,cameras,points,flops,loss
0,multigrid,1.55232e-19,0,8.62019e-07,0,0.0001,0,0,0,0.0643349,0.1,4999,3812,0,huber
1,multigrid,2.41747e-18,-2.26224e-18,0,5.61214e-10,0.0002,2,64.6919,1.76337,66.502,0.1,4999,3812,350955414,huber
2,multigrid,2.42299e-18,-2.26776e-18,0,5.54213e-10,0.0008,2,5.91603,0.183967,6.13463,0.1,4999,3812,350955414,huber
3,multigrid,2.42913e-18,-2.2739e-18,0,5.30793e-10,0.0064,2,5.80521,0.257803,6.09763,0.1,4999,3812,350955414,huber
4,multigrid,2.53251e-18,-2.37728e-18,0,4.05822e-10,0.1024,2,5.95195,0.229609,6.21626,0.1,4999,3812,350955414,huber
5,multigrid,2.19717e-18,-2.04194e-18,0,2.63903e-10,3.2768,2,5.95179,0.187171,6.17322,0.1,4999,3812,350955414,huber
6,multigrid,7.22141e-20,5.82112e-20,6.99842e-07,1.3442e-10,3.2768,2,5.94557,0.184701,6.21023,0.1,4999,3812,350955414,huber
