condition_number,smallest,largest
10467.051195400025,0.00024123204758799403,2.5249881920747086