condition_number,smallest,largest
2.1394124301171428e8,1.4021601331658826e-8,2.9997988179097974