condition_number,smallest,largest
835061.4526496069,3.0733694275724594e-6,2.5664523387175486