problem,solver,cost,cost_change,gradient_norm,step_norm,damping,iters,setup_time,solve_time,iter_time,eta,cameras,points,flops
0,multigrid,2.64761,0,294.224,0,0.0001,0,0,0,0.0172439,0.1,1000,1263,0
1,multigrid,0.000110581,2.6475,1.25825,1.37587,3.33333e-05,2,46.0462,1.61536,47.686,0.1,1000,1263,79652757
2,multigrid,7.56958e-06,0.000103011,0.0807982,0.539161,1.11111e-05,4,1.23555,0.115875,1.37516,0.1,1000,1263,157171115
3,multigrid,2.04274e-06,5.52684e-06,0.0432676,0.393954,3.7037e-06,8,1.1543,0.226122,1.40419,0.1,1000,1263,312213039
4,multigrid,6.66066e-07,1.37668e-06,0.0103909,0.380483,1.23457e-06,8,1.2135,0.230702,1.4679,0.1,1000,1263,312212687
5,multigrid,1.99584e-07,4.66481e-07,0.000526398,0.348545,4.11523e-07,2,1.21603,0.0591741,1.29973,0.1,1000,1263,79650373
6,multigrid,3.00515e-08,1.69533e-07,0.00715438,0.328396,1.37174e-07,15,1.05352,0.418961,1.4962,0.1,1000,1263,585663327
7,multigrid,3.76722e-09,2.62843e-08,0.00194884,0.167231,4.57247e-08,27,1.24052,0.751401,2.01564,0.1,1000,1263,1052909208
