condition_number,smallest,largest
5.860972301909592e11,3.9789518930023755e-12,2.3320526835517663