condition_number,smallest,largest
819182.5287504392,3.1091634762119284e-6,2.5469723987417936