condition_number,smallest,largest
10317.875565786573,0.00024471444784689703,2.5249332220344516