condition_number,smallest,largest
2.119350330365667e8,1.4154321404956844e-8,2.999796574569712