condition_number,smallest,largest
4.671726565540373e11,8.959994635037202e-12,4.185864496360251