condition_number,smallest,largest
2.151644060611978e8,1.3941878831102657e-8,2.9997960780713897