condition_number,smallest,largest
10561.116627775224,0.00023908607390135282,2.5250159105490733