condition_number,smallest,largest
835737.954899475,3.051923903213937e-6,2.550608641380839