condition_number,smallest,largest
4.084404068714992e9,1.0836416478654882e-9,4.426030355570819