problem,v,solve_time,schur_size,flops,schur_nnz,setup_time,rnorm,iters,schur_time,work,cost,gradient_norm,delta_cost,step_norm,damping,solver,use_constant_vecs,num_constant_vecs,aggregation,num_levels,coarse_size,strength,smooth_prolongation,improve,smoother,presmooth,postsmooth,cycle
1,2.0,1.369671919,34263,579018688,11412657,1.765488032,0.12160200870498174,8,2.6502143520000003,50.73478402093395,0.08228701754371187,6.7710404036943945,15.137208884585824,1.545234611057346,3.3333333333333335e-5,multigrid,true,1,vertex_centric,3,100,visibility,none,false,pbjacobi,2,2,vcycle
2,2.0,3.681830171,34263,1592264916,11412657,2.078191892,0.1572288903053862,22,2.076466404,139.5174599569583,0.0007280449530684234,0.4641222148086654,0.08155897259064344,0.6928656159997028,1.1111111111111112e-5,multigrid,true,1,vertex_centric,3,100,visibility,none,false,pbjacobi,2,2,vcycle
3,2.0,5.969967813,34263,2605511952,11412657,1.708300226,0.0006023358688432265,36,1.425159638,228.3002066915706,7.594368408567946e-5,0.017531238096337397,0.0006521012689827439,0.27819545089083214,3.7037037037037037e-6,multigrid,true,1,vertex_centric,3,100,visibility,none,false,pbjacobi,2,2,vcycle
4,2.0,1.19048852,34263,506626372,11412657,1.713665964,0.9239183085300317,7,1.46015943,44.39162344053624,4.278163010447369e-5,0.00667332503761349,3.3162053981205775e-5,0.18767929720288756,1.234567901234568e-6,multigrid,true,1,vertex_centric,3,100,visibility,none,false,pbjacobi,2,2,vcycle
5,2.0,1.52520253,34263,651376188,11412657,1.779945664,0.16196814985139643,9,1.477678804,57.0748939532661,2.4602651922666904e-5,0.0019616054987995415,1.8178978181806782e-5,0.17258229600962663,4.1152263374485594e-7,multigrid,true,1,vertex_centric,3,100,visibility,none,false,pbjacobi,2,2,vcycle
6,2.0,1.197743307,34263,506625308,11412657,1.77559867,0.5018992598068899,7,1.4402412329999998,44.391530210712546,1.4381301651609926e-5,0.0014646200697407464,1.0221350271056979e-5,0.15954379714818995,1.371742112482853e-7,multigrid,true,1,vertex_centric,3,100,visibility,none,false,pbjacobi,2,2,vcycle
