problem,v,solve_time,schur_size,flops,schur_nnz,setup_time,rnorm,iters,schur_time,work,cost,gradient_norm,delta_cost,step_norm,damping,solver,use_constant_vecs,num_constant_vecs,aggregation,num_levels,coarse_size,strength,smooth_prolongation,improve,smoother,presmooth,postsmooth,cycle,recompute
1,2.0,0.944054718,34263,418210850,11412657,1.999641161,0.012714905944903163,5,2.409580859,36.64447726765117,0.07561700916861146,6.54826242966473,15.143878892960924,1.1650641615818413,3.3333333333333335e-5,multigrid,true,9,vertex_centric,3,100,visibility,none,false,pbjacobi,2,2,vcycle,1
2,2.0,1.448097223,34263,585484578,11412657,2.416846412,0.0192361052530325,7,1.2803758420000002,51.3013383298911,0.00038560941266343443,0.3638589098767335,0.07523139975594802,0.47012465322911057,1.1111111111111112e-5,multigrid,true,9,vertex_centric,3,100,visibility,none,false,pbjacobi,2,2,vcycle,1
3,2.0,2.401675873,34263,1170965376,11412657,1.748134888,0.008615560578126232,14,1.273836595,102.60234544856645,6.68117476023485e-5,0.01582005434599504,0.00031879766506108596,0.20580046198863106,3.7037037037037037e-6,multigrid,true,9,vertex_centric,3,100,visibility,none,false,pbjacobi,2,2,vcycle,1
4,2.0,0.782915501,34263,334560928,11412657,1.767824519,0.260413035802264,4,1.2442506240000002,29.31490256826259,3.8145924358057716e-5,0.0035849031598167696,2.8665823244290782e-5,0.1446010424569562,1.234567901234568e-6,multigrid,true,9,vertex_centric,3,100,visibility,none,false,pbjacobi,2,2,vcycle,1
5,2.0,0.988945344,34263,418201280,11412657,1.758690109,0.3522967660458647,5,1.250006296,36.64363872497,2.2443877816828814e-5,0.0011617614432024716,1.5702046541228902e-5,0.12971381317034816,4.1152263374485594e-7,multigrid,true,9,vertex_centric,3,100,visibility,none,false,pbjacobi,2,2,vcycle,1
6,2.0,0.980175247,34263,418200270,11412657,1.736294008,0.4781875206473459,5,1.230313686,36.64355022673511,1.31889759985277e-5,0.0008073135924041415,9.254901818301113e-6,0.1240040818233075,1.371742112482853e-7,multigrid,true,9,vertex_centric,3,100,visibility,none,false,pbjacobi,2,2,vcycle,1
