problem,v,solve_time,schur_size,flops,schur_nnz,setup_time,rnorm,iters,schur_time,work,cost,gradient_norm,delta_cost,step_norm,damping,solver,use_constant_vecs,aggregation,num_levels,coarse_size,strength,smooth_prolongation,improve,smoother,presmooth,postsmooth,cycle
1,2.0,0.318443952,34263,151921236,11412657,2.436146471,0.14902122328016076,2,3.08465033,13.311644781754152,0.08982635974738276,6.864485073181449,15.129669542382153,1.8914187289430653,3.3333333333333335e-5,multigrid,true,vertex_centric,2,1,visibility,none,false,pbjacobi,2,2,vcycle
2,2.0,0.484359424,34263,227877060,11412657,1.977151988,0.20164088261262483,3,1.364422008,19.967047112692512,0.0013657968575027624,0.47692059090417543,0.08846056288988,0.837400660562811,1.1111111111111112e-5,multigrid,true,vertex_centric,2,1,visibility,none,false,pbjacobi,2,2,vcycle
3,2.0,1.725629103,34263,759585460,11412657,1.964322495,0.010858726760463507,10,1.349699935,66.55640838062513,9.494964509428085e-5,0.036837393676922764,0.0012708472124084815,0.41620800421974563,3.7037037037037037e-6,multigrid,true,vertex_centric,2,1,visibility,none,false,pbjacobi,2,2,vcycle
4,2.0,3.131897177,34263,1063421044,11412657,1.964306302,0.02042971534718697,14,1.3127336539999999,93.17909440369583,4.4404092152392254e-5,0.00829581698134567,5.05455529418886e-5,0.276417208775623,1.234567901234568e-6,multigrid,true,vertex_centric,2,1,visibility,none,false,pbjacobi,2,2,vcycle
5,2.0,0.52356934,34263,227876406,11412657,2.222363102,0.625054928858485,3,1.913680171,19.966989807894866,2.5607346710330538e-5,0.004131361149356455,1.8796745442061717e-5,0.19128475664460548,4.1152263374485594e-7,multigrid,true,vertex_centric,2,1,visibility,none,false,pbjacobi,2,2,vcycle
6,2.0,0.338360099,34263,151917132,11412657,2.367485742,1.079961971384395,2,1.6734133900000001,13.311285181005616,1.546795805873443e-5,0.0019338268561819602,1.0139388651596107e-5,0.15447135820697916,1.371742112482853e-7,multigrid,true,vertex_centric,2,1,visibility,none,false,pbjacobi,2,2,vcycle
7,2.0,1.43712807,34263,607670352,11412657,2.152027794,0.3520253795942387,8,1.363629433,53.24530054657737,8.665821746064242e-6,0.0027508453916960714,6.802136312670189e-6,0.20334194758397406,4.572473708276176e-8,multigrid,true,vertex_centric,2,1,visibility,none,false,pbjacobi,2,2,vcycle
