problem,v,solve_time,schur_size,flops,schur_nnz,setup_time,rnorm,iters,schur_time,work,cost,gradient_norm,delta_cost,step_norm,damping,solver,use_constant_vecs,num_constant_vecs,aggregation,num_levels,coarse_size,strength,smooth_prolongation,improve,smoother,presmooth,postsmooth,cycle
1,2.0,1.094072219,34263,409116975,11412657,2.122656681,0.012796057076185472,5,2.590975318,35.847653618259095,0.07577020775671255,6.572576677744519,15.143725694372824,1.1719725494882633,3.3333333333333335e-5,multigrid,true,8,vertex_centric,3,100,visibility,none,false,pbjacobi,2,2,vcycle
2,2.0,1.065073705,34263,409109915,11412657,2.133132803,0.09196580289249377,5,1.375865139,35.84703500683496,0.0004079247857399585,0.37157218057228664,0.07536228297097258,0.48702655704511105,1.1111111111111112e-5,multigrid,true,8,vertex_centric,3,100,visibility,none,false,pbjacobi,2,2,vcycle
3,2.0,3.197561261,34263,1390963613,11412657,2.111735207,0.003727592576189647,17,1.383584123,121.87903421613389,6.698727671173665e-5,0.015932143207530943,0.00034093750902822184,0.2050942853971878,3.7037037037037037e-6,multigrid,true,8,vertex_centric,3,100,visibility,none,false,pbjacobi,2,2,vcycle
4,2.0,2.070863766,34263,818214450,11412657,2.043183614,0.10821521548585888,10,1.425862806,71.69359860723056,3.810970518355024e-5,0.0037495647088097456,2.8877571528186412e-5,0.1487480452136345,1.234567901234568e-6,multigrid,true,8,vertex_centric,3,100,visibility,none,false,pbjacobi,2,2,vcycle
5,2.0,0.85921047,34263,327284980,11412657,2.152194133,0.4268959212843209,4,1.93730759,28.677369345280418,2.2494500142987208e-5,0.001152346092864087,1.5615205040563035e-5,0.12733387194352408,4.1152263374485594e-7,multigrid,true,8,vertex_centric,3,100,visibility,none,false,pbjacobi,2,2,vcycle
6,2.0,1.267057982,34263,490926750,11412657,2.154290001,0.4129275309624558,6,1.4168674890000001,43.01599093007001,1.3214514014915517e-5,0.0008463338327473931,9.279986128071691e-6,0.12431981802471523,1.371742112482853e-7,multigrid,true,8,vertex_centric,3,100,visibility,none,false,pbjacobi,2,2,vcycle
