problem,v,solve_time,schur_size,flops,schur_nnz,setup_time,rnorm,iters,schur_time,work,cost,gradient_norm,delta_cost,step_norm,damping,solver,use_constant_vecs,aggregation,num_levels,coarse_size,strength,smooth_prolongation,improve,smoother,presmooth,postsmooth,cycle
1,2.0,0.343308373,34263,167284340,11412657,2.028083798,0.11071250783936283,2,2.519468078,14.657790907060468,0.0915034448769029,7.113776644602846,15.127992457252633,2.0537193399400366,3.3333333333333335e-5,multigrid,true,vertex_centric,3,100,visibility,true,false,pbjacobi,2,2,vcycle
2,2.0,0.618187589,34263,250921974,11412657,2.674028768,0.22276110310186412,3,1.350311671,21.986288907131794,0.001639586390377695,0.509625130034683,0.0898638584865252,0.8922283514605558,1.1111111111111112e-5,multigrid,true,vertex_centric,3,100,visibility,true,false,pbjacobi,2,2,vcycle
3,2.0,1.787044269,34263,836403740,11412657,2.047218996,0.014900210901461163,10,1.314485128,73.28738084391742,0.00010949011706144898,0.04153220057602115,0.001530096273316246,0.44862627764546353,3.7037037037037037e-6,multigrid,true,vertex_centric,3,100,visibility,true,false,pbjacobi,2,2,vcycle
4,2.0,3.898952807,34263,1756451802,11412657,2.252236179,0.004677780022804615,21,1.348302467,153.90384570394082,4.7987084331132816e-5,0.009692198136503216,6.150303273031616e-5,0.3015983653994775,1.234567901234568e-6,multigrid,true,vertex_centric,3,100,visibility,true,false,pbjacobi,2,2,vcycle
5,2.0,0.678326919,34263,250920510,11412657,2.27696235,0.8399180022265583,3,1.398288986,21.986160628502198,2.7757991430992203e-5,0.005585753483802616,2.0229092900140613e-5,0.21052469767787352,4.1152263374485594e-7,multigrid,true,vertex_centric,3,100,visibility,true,false,pbjacobi,2,2,vcycle
6,2.0,1.059606805,34263,418199900,11412657,2.344923096,0.580050291013007,5,1.3841577619999998,36.64351780658965,1.5917536130234456e-5,0.0037768711512406925,1.1840455300757747e-5,0.21139604330976178,1.371742112482853e-7,multigrid,true,vertex_centric,3,100,visibility,true,false,pbjacobi,2,2,vcycle
7,2.0,0.608544018,34263,250920840,11412657,1.980765175,0.9759386171186976,3,1.3021750060000001,21.986189543767065,9.555044862629105e-6,0.0018585642608042816,6.362491267605351e-6,0.16528919096239555,4.572473708276176e-8,multigrid,true,vertex_centric,3,100,visibility,true,false,pbjacobi,2,2,vcycle
