problem,v,solve_time,schur_size,flops,schur_nnz,setup_time,rnorm,iters,schur_time,work,cost,gradient_norm,delta_cost,step_norm,damping,solver,use_constant_vecs,num_constant_vecs,aggregation,num_levels,coarse_size,strength,smooth_prolongation,improve,smoother,presmooth,postsmooth,cycle,recompute
1,2.0,0.958791176,34263,418210850,11412657,1.87505734,0.012959278916236586,5,2.241420325,36.64447726765117,0.07557639295059704,6.530474903611321,15.14391950917894,1.1725451348607554,3.3333333333333335e-5,multigrid,true,9,vertex_centric,3,100,visibility,none,false,pbjacobi,2,2,vcycle,4
2,2.0,7.848895166,34263,4098466330,11412657,0.0,0.022485863939238484,49,1.232360216,359.11587722298145,0.0008860275585351467,0.5740516890306141,0.07469036539206189,0.6830878195846302,1.1111111111111112e-5,multigrid,true,9,vertex_centric,3,100,visibility,none,false,pbjacobi,2,2,vcycle,4
3,2.0,13.711079463,34263,7109584450,11412657,0.0,0.05792718900051482,85,1.2364822400000002,622.9561135500699,8.992099961956191e-5,0.06744552031480708,0.0007961065589155848,0.2861749414676449,3.7037037037037037e-6,multigrid,true,9,vertex_centric,3,100,visibility,none,false,pbjacobi,2,2,vcycle,4
4,2.0,4.702578049,34263,2425622930,11412657,0.0,0.7161072065157799,29,1.2587501209999998,212.53796815237678,4.3514676172521326e-5,0.006482465846935683,4.6406323447040584e-5,0.14597953430722854,1.234567901234568e-6,multigrid,true,9,vertex_centric,3,100,visibility,none,false,pbjacobi,2,2,vcycle,4
5,2.0,1.292843518,34263,585481484,11412657,1.741163406,0.1372624534407732,7,1.246922433,51.301067227377466,2.4098960695849135e-5,0.012445780899737488,1.941571547667219e-5,0.20590086220568837,4.1152263374485594e-7,multigrid,true,9,vertex_centric,3,100,visibility,none,false,pbjacobi,2,2,vcycle,4
6,2.0,1.875688324,34263,920042332,11412657,0.0,0.12009556587468613,11,1.2249520820000002,80.61596278587888,1.3602357352432011e-5,0.0016282595951650238,1.0496603343417123e-5,0.15459605341308916,1.371742112482853e-7,multigrid,true,9,vertex_centric,3,100,visibility,none,false,pbjacobi,2,2,vcycle,4
