problem,v,solve_time,schur_size,flops,schur_nnz,setup_time,rnorm,iters,schur_time,work,cost,gradient_norm,delta_cost,step_norm,damping,solver,use_constant_vecs,num_constant_vecs,aggregation,num_levels,coarse_size,strength,smooth_prolongation,improve,smoother,presmooth,postsmooth,cycle
1,2.0,1.707271601,34263,616724912,11412657,1.995067643,0.005964255190503119,8,2.782306355,54.03867933645951,0.07504266712094516,6.427444371721017,15.14445323500859,1.1360655270801725,3.3333333333333335e-5,multigrid,true,5,vertex_centric,3,100,visibility,none,false,pbjacobi,2,2,vcycle
2,2.0,2.667235717,34263,1002154114,11412657,1.97543834,0.004415791881559992,13,1.4434137870000001,87.81076255949863,0.0003756911179450756,0.3382161093628774,0.07466697600300008,0.459675142646276,1.1111111111111112e-5,multigrid,true,5,vertex_centric,3,100,visibility,none,false,pbjacobi,2,2,vcycle
3,2.0,2.369803391,34263,925062720,11412657,1.879858874,0.023188900713025262,12,1.446424592,81.05585929726969,6.649634802089788e-5,0.01593897042075414,0.00030919476992417774,0.19079192464461686,3.7037037037037037e-6,multigrid,true,5,vertex_centric,3,100,visibility,none,false,pbjacobi,2,2,vcycle
4,2.0,2.005637133,34263,770886240,11412657,1.93711177,0.06787209702812419,10,1.463792166,67.54660549248085,3.797089399580548e-5,0.004283635607864028,2.8525454025092393e-5,0.14059850225284337,1.234567901234568e-6,multigrid,true,5,vertex_centric,3,100,visibility,none,false,pbjacobi,2,2,vcycle
5,2.0,0.739664056,34263,308354072,11412657,1.896980274,0.5239964859592557,4,1.4333047749999999,27.018605045258084,2.2520938510275223e-5,0.0012197942553484455,1.544995548553026e-5,0.12481991800012422,4.1152263374485594e-7,multigrid,true,5,vertex_centric,3,100,visibility,none,false,pbjacobi,2,2,vcycle
6,2.0,1.53653183,34263,539619472,11412657,1.928422321,0.5201563747254138,7,1.460225616,47.28254533541138,1.3214598074866081e-5,0.0008101092895916822,9.306340435409142e-6,0.12418303412566296,1.371742112482853e-7,multigrid,true,5,vertex_centric,3,100,visibility,none,false,pbjacobi,2,2,vcycle
