problem,v,solve_time,schur_size,flops,schur_nnz,setup_time,rnorm,iters,schur_time,work,cost,gradient_norm,delta_cost,step_norm,damping,solver,use_constant_vecs,num_constant_vecs,aggregation,num_levels,coarse_size,strength,smooth_prolongation,improve,smoother,presmooth,postsmooth,cycle,recompute
1,2.0,0.923792881,34263,418210850,11412657,1.861960137,0.01183407883610016,5,2.2298690569999997,36.64447726765117,0.07554104176496254,6.541950810735166,15.143954860364573,1.1689855415656636,3.3333333333333335e-5,multigrid,true,9,vertex_centric,3,100,visibility,none,false,pbjacobi,2,2,vcycle,2
2,2.0,2.859647125,34263,1421916890,11412657,0.0,0.12567407248207876,17,1.227717599,124.59122271001398,0.0016144928576614353,0.623748703314833,0.0739265489073011,1.681598651027351,1.1111111111111112e-5,multigrid,true,9,vertex_centric,3,100,visibility,none,false,pbjacobi,2,2,vcycle,2
3,2.0,2.803459011,34263,1338245824,11412657,1.783264002,0.002779832846029439,16,1.256686367,117.2597953307455,0.00020380807866117042,0.20263585453078925,0.0014106847790002648,0.5904281101837235,3.7037037037037037e-6,multigrid,true,9,vertex_centric,3,100,visibility,none,false,pbjacobi,2,2,vcycle,2
4,2.0,1.292653915,34263,585482548,11412657,0.0,0.28804761916212523,7,1.2337894950000001,51.301160457201156,5.9187761323330646e-5,0.020784720054472752,0.00014462031733783977,0.2701191746285946,1.234567901234568e-6,multigrid,true,9,vertex_centric,3,100,visibility,none,false,pbjacobi,2,2,vcycle,2
5,2.0,0.338578668,34263,167280288,11412657,1.757417334,0.5207196000833754,2,1.364372829,14.657435862656698,4.867402942952554e-5,0.0689967634951338,1.051373189380511e-5,0.2411954684856732,1.3412503279958311e-6,multigrid,true,9,vertex_centric,3,100,visibility,none,false,pbjacobi,2,2,vcycle,2
6,2.0,2.511157553,34263,1254602160,11412657,0.0,0.07838613985066209,15,1.213615968,109.93076896992524,1.939795596693945e-5,0.008159763875735384,2.9276073462586087e-5,0.16892579221989176,1.3490897408811904e-6,multigrid,true,9,vertex_centric,3,100,visibility,none,false,pbjacobi,2,2,vcycle,2
7,2.0,1.117218,34263,501840708,11412657,1.755995624,0.28070201572275594,6,1.247308436,43.97229391893579,1.4344088467952985e-5,0.001290154502849512,5.053867498986464e-6,0.10868868978936336,4.496965802937301e-7,multigrid,true,9,vertex_centric,3,100,visibility,none,false,pbjacobi,2,2,vcycle,2
