problem,v,solve_time,schur_size,flops,schur_nnz,setup_time,rnorm,iters,schur_time,work,cost,gradient_norm,delta_cost,step_norm,damping,solver,use_constant_vecs,num_constant_vecs,aggregation,num_levels,coarse_size,strength,smooth_prolongation,improve,smoother,presmooth,postsmooth,cycle
1,2.0,1.50296037,34263,605945720,11412657,1.81074765,0.010184078029949958,8,2.452311513,53.09418481603364,0.07565290036060829,6.370359774487921,15.143843001768927,1.145595613381696,3.3333333333333335e-5,multigrid,true,4,vertex_centric,3,100,visibility,none,false,pbjacobi,2,2,vcycle
2,2.0,0.532439053,34263,227224515,11412657,1.87228882,0.5948465296621321,3,1.488399537,19.90986980507694,0.00048311222516449605,0.3225280757472137,0.0751697881354438,0.5254485947225993,1.1111111111111112e-5,multigrid,true,4,vertex_centric,3,100,visibility,none,false,pbjacobi,2,2,vcycle
3,2.0,0.590314729,34263,151482150,11412657,1.951773657,0.3187514808869105,2,1.429734787,13.273171181785276,8.115002835036187e-5,0.02841735175916377,0.0004019621968141342,0.20739057683411313,3.7037037037037037e-6,multigrid,true,4,vertex_centric,3,100,visibility,none,false,pbjacobi,2,2,vcycle
4,2.0,2.386540837,34263,984635587,11412657,1.83345469,0.03583013831194618,13,1.4532878439999999,86.27575392829208,4.3105529044099424e-5,0.03460724216433552,3.804449930626245e-5,0.21118160771198866,1.234567901234568e-6,multigrid,true,4,vertex_centric,3,100,visibility,none,false,pbjacobi,2,2,vcycle
5,2.0,5.573874796,34263,2575197162,11412657,1.697227745,0.0015600493046321242,34,1.517391859,225.64396371502272,2.306312455345112e-5,0.002918690655155151,2.0042404490648304e-5,0.1515519145096941,4.1152263374485594e-7,multigrid,true,4,vertex_centric,3,100,visibility,none,false,pbjacobi,2,2,vcycle
6,2.0,0.714612503,34263,302963932,11412657,2.178364776,0.564207893243792,4,2.047119038,26.546310118669123,1.3602953756856686e-5,0.001151684524830453,9.460170796594433e-6,0.12922825558979315,1.371742112482853e-7,multigrid,true,4,vertex_centric,3,100,visibility,none,false,pbjacobi,2,2,vcycle
