problem,v,solve_time,schur_size,flops,schur_nnz,setup_time,rnorm,iters,schur_time,work,cost,gradient_norm,delta_cost,step_norm,damping,solver,use_constant_vecs,num_constant_vecs,aggregation,num_levels,coarse_size,strength,smooth_prolongation,improve,smoother,presmooth,postsmooth,cycle
1,2.0,1.573725383,34263,660472461,11412657,1.683863923,0.09072996238588198,9,2.627344705,57.871927720249545,0.12871962415550997,7.20307665461787,15.090776277974026,1.9084847172236765,3.3333333333333335e-5,multigrid,true,2,vertex_centric,3,100,visibility,none,false,pbjacobi,2,2,vcycle
2,2.0,1.823215321,34263,807224847,11412657,1.61039161,0.01667279661966065,11,1.44744622,70.73066745105895,0.007593213407787162,0.6391582031679176,0.1211264107477228,0.8111707177180831,1.1111111111111112e-5,multigrid,true,2,vertex_centric,3,100,visibility,none,false,pbjacobi,2,2,vcycle
3,2.0,3.067695481,34263,1320906654,11412657,1.67437248,0.019935467498910828,18,1.430452383,115.74050232123861,0.0001560864393961394,0.0447968516038499,0.007437126968391023,0.3836860020085656,3.7037037037037037e-6,multigrid,true,2,vertex_centric,3,100,visibility,none,false,pbjacobi,2,2,vcycle
4,2.0,4.663980092,34263,2054747548,11412657,1.645750123,0.002283609219482939,28,1.42278387,180.04111996005838,4.715860388329574e-5,0.009640483629083362,0.00010892783551284365,0.274233941389032,1.234567901234568e-6,multigrid,true,2,vertex_centric,3,100,visibility,none,false,pbjacobi,2,2,vcycle
5,2.0,1.334718306,34263,587070344,11412657,1.627586751,0.27030068387769013,8,1.408568162,51.44028634173444,2.6541693567433705e-5,0.004570642408006525,2.0616910315862038e-5,0.2247805567958855,4.1152263374485594e-7,multigrid,true,2,vertex_centric,3,100,visibility,none,false,pbjacobi,2,2,vcycle
6,2.0,3.411179626,34263,1467672460,11412657,1.706445455,0.0968850017429743,20,1.432819491,128.60041793948596,1.495382777292472e-5,0.003200763066827138,1.1587865794508985e-5,0.2027951948488123,1.371742112482853e-7,multigrid,true,2,vertex_centric,3,100,visibility,none,false,pbjacobi,2,2,vcycle
