problem,v,solve_time,schur_size,flops,schur_nnz,setup_time,rnorm,iters,schur_time,work,cost,gradient_norm,delta_cost,step_norm,damping,solver,use_constant_vecs,num_constant_vecs,aggregation,num_levels,coarse_size,strength,smooth_prolongation,improve,smoother,presmooth,postsmooth,cycle
1,2.0,1.175973437,34263,418210850,11412657,2.261242332,0.012838036743145305,5,2.805828683,36.64447726765117,0.07557734925266917,6.547463104239603,15.143918552876867,1.1671790633111276,3.3333333333333335e-5,multigrid,true,9,vertex_centric,3,100,visibility,none,false,pbjacobi,2,2,vcycle
2,2.0,1.379715528,34263,501843732,11412657,2.22323407,0.02147060510919152,6,1.467080454,43.9725588879084,0.00038634277967258005,0.3651021871696069,0.07519100647299659,0.47124144713649746,1.1111111111111112e-5,multigrid,true,9,vertex_centric,3,100,visibility,none,false,pbjacobi,2,2,vcycle
3,2.0,2.861716372,34263,1170961092,11412657,2.3080809,0.010185352850504108,14,1.4667020960000001,102.60197007585525,6.688456756158046e-5,0.015983495771651653,0.00031945821211099956,0.20757092301828386,3.7037037037037037e-6,multigrid,true,9,vertex_centric,3,100,visibility,none,false,pbjacobi,2,2,vcycle
4,2.0,0.893101775,34263,334561144,11412657,2.238679225,0.30797829777615504,4,1.437475512,29.314921494617774,3.817011886664645e-5,0.003658926143262071,2.8714448694934014e-5,0.1453257979181518,1.234567901234568e-6,multigrid,true,9,vertex_centric,3,100,visibility,none,false,pbjacobi,2,2,vcycle
5,2.0,1.109007116,34263,418200800,11412657,2.2158774,0.3635204950730875,5,1.428388604,36.64359666640292,2.245533584602581e-5,0.0011751483114290915,1.571478302062064e-5,0.1301242822016204,4.1152263374485594e-7,multigrid,true,9,vertex_centric,3,100,visibility,none,false,pbjacobi,2,2,vcycle
6,2.0,1.113066054,34263,418201300,11412657,2.254135812,0.4785982528607849,5,1.441250932,36.6436404774103,1.3196669693708185e-5,0.0008148493599952674,9.258666152317624e-6,0.12422192178727469,1.371742112482853e-7,multigrid,true,9,vertex_centric,3,100,visibility,none,false,pbjacobi,2,2,vcycle
