problem,v,solve_time,schur_size,flops,schur_nnz,setup_time,rnorm,iters,schur_time,work,cost,gradient_norm,delta_cost,step_norm,damping,solver,use_constant_vecs,num_constant_vecs,aggregation,num_levels,coarse_size,strength,smooth_prolongation,improve,smoother,presmooth,postsmooth,cycle
1,2.0,1.424145433,34263,596074000,11412657,1.770335172,0.004937482618777171,8,2.785193171,52.22920482057771,0.07506299884484507,6.400542612764459,15.14443290328469,1.1369083009163319,3.3333333333333335e-5,multigrid,true,3,vertex_centric,3,100,visibility,none,false,pbjacobi,2,2,vcycle
2,2.0,0.905984525,34263,372537320,11412657,1.719938254,0.058327023057434146,5,1.494405013,32.642470548269344,0.00041045758514450146,0.3184505556540684,0.07465254125970057,0.47193903896281875,1.1111111111111112e-5,multigrid,true,3,vertex_centric,3,100,visibility,none,false,pbjacobi,2,2,vcycle
3,2.0,2.075619192,34263,745071000,11412657,1.818581243,0.1719846234255319,10,1.490157429,65.284622152405,6.810898732356117e-5,0.022831630738870397,0.0003423485978209403,0.2091906363069159,3.7037037037037037e-6,multigrid,true,3,vertex_centric,3,100,visibility,none,false,pbjacobi,2,2,vcycle
4,2.0,4.203729432,34263,1639160028,11412657,1.765872795,0.006222326562980297,22,1.624624655,143.62650415236348,3.822730966568633e-5,0.005182983820677232,2.9881677657874843e-5,0.1480445144798847,1.234567901234568e-6,multigrid,true,3,vertex_centric,3,100,visibility,none,false,pbjacobi,2,2,vcycle
5,2.0,0.662401233,34263,223521222,11412657,1.822252958,0.6222256023889299,3,1.6147873430000002,19.58537981120435,2.2808114882457282e-5,0.0011545219980312038,1.5419194783229045e-5,0.12316056655004647,4.1152263374485594e-7,multigrid,true,3,vertex_centric,3,100,visibility,none,false,pbjacobi,2,2,vcycle
6,2.0,2.094894418,34263,745071000,11412657,1.911531512,0.2263797562707285,10,1.501338425,65.284622152405,1.3282158560888761e-5,0.000813995622153276,9.525956321568521e-6,0.12988181545344302,1.371742112482853e-7,multigrid,true,3,vertex_centric,3,100,visibility,none,false,pbjacobi,2,2,vcycle
