problem,v,solve_time,schur_size,flops,schur_nnz,setup_time,rnorm,iters,schur_time,work,cost,gradient_norm,delta_cost,step_norm,damping,solver,use_constant_vecs,num_constant_vecs,aggregation,num_levels,coarse_size,strength,smooth_prolongation,improve,smoother,presmooth,postsmooth,cycle,recompute
1,2.0,1.256536219,34263,418210850,11412657,2.301418504,0.011462849044504017,5,2.767265457,36.64447726765117,0.07553655201148254,6.538447443130886,15.143959350118052,1.1698860484684563,3.3333333333333335e-5,multigrid,true,9,vertex_centric,3,100,visibility,none,false,pbjacobi,2,2,vcycle,5
2,2.0,1.619549034,34263,585495190,11412657,0.0,0.3687130762579529,7,1.524338332,51.302268174711635,0.007570891244934175,1.3228022378293998,0.06796566076654836,1.6767355347562418,1.1111111111111112e-5,multigrid,true,9,vertex_centric,3,100,visibility,none,false,pbjacobi,2,2,vcycle,5
3,2.0,7.964116021,34263,3011118120,11412657,0.0,0.09236218317181501,36,1.670628127,263.8402363270884,0.0005256750704283534,0.5547197719726417,0.007045216174505821,0.8146700011483683,3.7037037037037037e-6,multigrid,true,9,vertex_centric,3,100,visibility,none,false,pbjacobi,2,2,vcycle,5
4,2.0,26.144573501,34263,10538913420,11412657,0.0,0.04276571061087448,126,1.89990094,923.4408271448095,0.00010916387280810057,0.14051796675073447,0.0004165111976202529,0.4655029827368604,3.6501227536422537e-6,multigrid,true,9,vertex_centric,3,100,visibility,none,false,pbjacobi,2,2,vcycle,5
5,2.0,3.136346875,34263,1505559060,11412657,0.0,0.8656756023518337,18,1.642522188,131.9201181635442,4.331197757645208e-5,0.013717959501816285,6.585189523164849e-5,0.1351128377028204,1.2167075845474178e-6,multigrid,true,9,vertex_centric,3,100,visibility,none,false,pbjacobi,2,2,vcycle,5
6,2.0,1.32523802,34263,585483654,11412657,1.769056642,0.15337401091951647,7,1.278252304,51.301257367149475,2.5824216228010678e-5,0.014449759983639556,1.74877613484414e-5,0.2797960902605822,4.0556919484913924e-7,multigrid,true,9,vertex_centric,3,100,visibility,none,false,pbjacobi,2,2,vcycle,5
7,2.0,3.156860352,34263,1589169918,11412657,0.0,0.029750934824308316,19,1.2322527449999998,139.24626999654856,1.5047185034721364e-5,0.002108276986768315,1.0777031193289314e-5,0.23142938901642843,3.468594980105913e-7,multigrid,true,9,vertex_centric,3,100,visibility,none,false,pbjacobi,2,2,vcycle,5
