problem,v,solve_time,schur_size,flops,schur_nnz,setup_time,rnorm,iters,schur_time,work,cost,gradient_norm,delta_cost,step_norm,damping,solver,use_constant_vecs,num_constant_vecs,aggregation,num_levels,coarse_size,strength,smooth_prolongation,improve,smoother,presmooth,postsmooth,cycle
1,2.0,1.084171008,34263,400651200,11412657,2.126299214,0.014597021353187257,5,2.595114614,35.10586535633201,0.07562792720065914,6.611648433745021,15.143867974928877,1.1829507699532495,3.3333333333333335e-5,multigrid,true,7,vertex_centric,3,100,visibility,none,false,pbjacobi,2,2,vcycle
2,2.0,1.254181091,34263,480768648,11412657,2.137363449,0.02334745308246563,6,1.405853183,42.125917566785716,0.0004002538635638099,0.37910935455441686,0.07522767333709533,0.47107588407839235,1.1111111111111112e-5,multigrid,true,7,vertex_centric,3,100,visibility,none,false,pbjacobi,2,2,vcycle
3,2.0,1.044584417,34263,400639630,11412657,2.112986974,0.2042854402939002,5,1.375989072,35.104851569621346,6.796463791151818e-5,0.01757954090994783,0.0003322892256522917,0.20422908599673964,3.7037037037037037e-6,multigrid,true,7,vertex_centric,3,100,visibility,none,false,pbjacobi,2,2,vcycle
4,2.0,3.388198649,34263,1442298096,11412657,2.129825573,0.01461545474517103,18,1.382802857,126.37706504278539,3.843636324153288e-5,0.003194959653198326,2.9528274669985303e-5,0.15493182426708202,1.234567901234568e-6,multigrid,true,7,vertex_centric,3,100,visibility,none,false,pbjacobi,2,2,vcycle
5,2.0,1.293639874,34263,480764388,11412657,2.446885881,0.4003893882231958,6,1.414006584,42.12554429700288,2.2614874007553875e-5,0.0011215263282596988,1.5821489233979002e-5,0.13170486133232567,4.1152263374485594e-7,multigrid,true,7,vertex_centric,3,100,visibility,none,false,pbjacobi,2,2,vcycle
6,2.0,1.919351486,34263,560892430,11412657,2.668620387,0.3941083030126556,7,1.440664845,49.14652477508086,1.3265687995779782e-5,0.0008727588902301967,9.349186011774094e-6,0.12694332254049698,1.371742112482853e-7,multigrid,true,7,vertex_centric,3,100,visibility,none,false,pbjacobi,2,2,vcycle
