problem,v,solve_time,schur_size,flops,schur_nnz,setup_time,rnorm,iters,schur_time,work,cost,gradient_norm,delta_cost,step_norm,damping,solver,use_constant_vecs,num_constant_vecs,aggregation,num_levels,coarse_size,strength,smooth_prolongation,improve,smoother,presmooth,postsmooth,cycle
1,2.0,0.608368066,34263,214451817,11412657,1.658875543,0.3226895004852921,3,2.654141891,18.790700272513227,0.17308162774697677,8.292672249245644,15.04641427438256,3.4415263881198643,3.3333333333333335e-5,multigrid,false,9,vertex_centric,3,100,visibility,none,false,pbjacobi,2,2,vcycle
2,2.0,4.696990994,34263,1930017267,11412657,1.728568568,0.006998786961791862,27,1.468628217,169.11200143840298,0.013639831284571814,1.101697271485342,0.15944179646240497,1.828173218130596,1.1111111111111112e-5,multigrid,false,9,vertex_centric,3,100,visibility,none,false,pbjacobi,2,2,vcycle
3,2.0,3.234043297,34263,1286673318,11412657,1.64340996,0.029147736322837944,18,1.423577506,112.74090844927697,0.00038738624577908673,0.14151350607348395,0.013252445038792728,0.6412848315342814,3.7037037037037037e-6,multigrid,false,9,vertex_centric,3,100,visibility,none,false,pbjacobi,2,2,vcycle
4,2.0,2.543601441,34263,1072226925,11412657,1.681480393,0.038308246467550794,15,1.40744391,93.95068343857176,7.042681111258539e-5,0.02605612675471604,0.00031695943466650137,0.41579609065383893,1.234567901234568e-6,multigrid,false,9,vertex_centric,3,100,visibility,none,false,pbjacobi,2,2,vcycle
5,2.0,2.340083515,34263,1000744682,11412657,1.637928605,0.14868842337496355,14,1.405747123,87.68726528800437,3.670073741045499e-5,0.009100576613312284,3.37260737021304e-5,0.32681930501794976,4.1152263374485594e-7,multigrid,false,9,vertex_centric,3,100,visibility,none,false,pbjacobi,2,2,vcycle
6,2.0,4.312638872,34263,1858522042,11412657,1.650474946,0.04553478353544894,26,1.389572758,162.8474457788401,1.9963805347051994e-5,0.004829682815942996,1.6736932063402994e-5,0.28880438284909876,1.371742112482853e-7,multigrid,false,9,vertex_centric,3,100,visibility,none,false,pbjacobi,2,2,vcycle
7,2.0,0.588604113,34263,214444491,11412657,1.64733848,2.4446884584530197,3,1.410335395,18.790058353633164,1.3114443922779392e-5,0.0018465121141501403,6.849361424272602e-6,0.1785971831329518,4.572473708276176e-8,multigrid,false,9,vertex_centric,3,100,visibility,none,false,pbjacobi,2,2,vcycle
