problem,v,solve_time,schur_size,flops,schur_nnz,setup_time,rnorm,iters,schur_time,work,cost,gradient_norm,delta_cost,step_norm,damping,solver,use_constant_vecs,num_constant_vecs,aggregation,num_levels,coarse_size,strength,smooth_prolongation,improve,smoother,presmooth,postsmooth,cycle
1,2.0,1.585283822,34263,628406232,11412657,2.09119864,0.004862148704414299,8,2.624495439,55.06222012980851,0.07521028005996169,6.4247100014656375,15.144285622069575,1.134736444516154,3.3333333333333335e-5,multigrid,true,6,vertex_centric,3,100,visibility,none,false,pbjacobi,2,2,vcycle
2,2.0,0.857340878,34263,314195452,11412657,2.056748959,0.1314067961228383,4,1.42025274,27.530438529783204,0.0004061440575951219,0.31580392702902826,0.07480413600236657,0.4802718533158423,1.1111111111111112e-5,multigrid,true,6,vertex_centric,3,100,visibility,none,false,pbjacobi,2,2,vcycle
3,2.0,2.032905419,34263,864032169,11412657,2.056425199,0.012350982579311092,11,1.386025762,75.70823945729728,6.903956603436687e-5,0.028851665608786548,0.00033710449156075506,0.21428160293688067,3.7037037037037037e-6,multigrid,true,6,vertex_centric,3,100,visibility,none,false,pbjacobi,2,2,vcycle
4,2.0,4.748741797,34263,1963711425,11412657,2.029557757,0.005446379541334624,25,1.421988261,172.06435144769532,3.830471706163654e-5,0.006074410727262637,3.0734848972730326e-5,0.14859385008478063,1.234567901234568e-6,multigrid,true,6,vertex_centric,3,100,visibility,none,false,pbjacobi,2,2,vcycle
5,2.0,1.140597943,34263,392742265,11412657,2.081191338,0.41663731745512556,5,1.426914038,34.41286853709877,2.2577371578255392e-5,0.001217625563194858,1.5727345483381148e-5,0.12891497309015257,4.1152263374485594e-7,multigrid,true,6,vertex_centric,3,100,visibility,none,false,pbjacobi,2,2,vcycle
6,2.0,1.413004202,34263,549838765,11412657,2.105141067,0.39929354110520787,7,1.414837237,48.17798037740028,1.323725410345882e-5,0.000809470993559143,9.340117474796572e-6,0.12541726635233752,1.371742112482853e-7,multigrid,true,6,vertex_centric,3,100,visibility,none,false,pbjacobi,2,2,vcycle
