problem,v,solve_time,schur_size,flops,schur_nnz,setup_time,rnorm,iters,schur_time,work,cost,gradient_norm,delta_cost,step_norm,damping,solver
1,2.0,1.268661325,31419,446996628,9685899,0.038979443,0.00112995746385204,46,2.60824272,46.14921423401173,0.00011104582445431904,0.2378979992704201,0.5678947630521586,0.1870265081356017,3.3333333333333335e-5,pbjacobi
2,2.0,1.956105759,31419,825972030,9685899,0.044283819,0.0004665024987825681,85,1.427933239,85.27572195415212,4.205053465021257e-6,0.0016347169821956773,0.00010684077098929778,0.03563112034872474,1.1111111111111112e-5,pbjacobi
3,2.0,0.851660361,31419,272084904,9685899,0.05521853,0.07526190789828723,28,1.310852425,28.0908260554854,2.171418534639714e-6,0.00012822559372896645,2.0336349303815428e-6,0.021234638673091184,3.7037037037037037e-6,pbjacobi
4,2.0,1.019121296,31419,388692720,9685899,0.046410653,0.1279005219731545,40,1.251651604,40.12975150783629,1.267177924423537e-6,6.447661031385361e-5,9.042406102161771e-7,0.017925352275246286,1.234567901234568e-6,pbjacobi
5,2.0,1.208182441,31419,476148582,9685899,0.050474752,0.1067825380934158,49,1.261727976,49.15894559709945,7.860984994174857e-7,3.679807111797086e-5,4.810794250060514e-7,0.01735521066183993,4.1152263374485594e-7,pbjacobi
6,2.0,1.334679302,31419,573321762,9685899,0.03816402,0.08760268421021146,59,1.2210457510000001,59.191383474058526,4.959606336592346e-7,2.3435539449133053e-5,2.901378657582511e-7,0.01841040473172316,1.371742112482853e-7,pbjacobi
