problem,v,solve_time,schur_size,flops,schur_nnz,setup_time,rnorm,iters,schur_time,work,cost,gradient_norm,delta_cost,step_norm,damping,solver,use_constant_vecs,aggregation,num_levels,coarse_size,strength,smooth_prolongation,improve,smoother,presmooth,postsmooth,cycle
1,2.0,0.337645393,31419,144188008,9685899,2.467810607,0.32763731086886616,2,2.802495438,14.886383597433754,0.00015671880824297277,0.2671938378069488,0.5678490900683699,0.33776678442295793,3.3333333333333335e-5,multigrid,true,vertex_centric,3,100,visibility,none,false,pbjacobi,2,2,vcycle
2,2.0,0.47118156,31419,216277794,9685899,2.694835039,0.25958101852647497,3,1.4641168859999998,22.329139917729886,7.609308659044359e-6,0.014186509328341493,0.0001491094995839284,0.12568542538948377,1.1111111111111112e-5,multigrid,true,vertex_centric,3,100,visibility,none,false,pbjacobi,2,2,vcycle
3,2.0,0.703521495,31419,288369392,9685899,2.119002037,0.25133103861195416,4,1.226177177,29.77208331410435,3.2000920804713172e-6,0.0008126064522830091,4.409216578573041e-6,0.0644547474113602,3.7037037037037037e-6,multigrid,true,vertex_centric,3,100,visibility,none,false,pbjacobi,2,2,vcycle
4,2.0,0.980265032,31419,360461440,9685899,2.585921042,0.19333050033646243,5,1.3969376100000002,37.21507316976979,1.6413531573827203e-6,0.0004703720755822661,1.558738923088597e-6,0.04674607870951807,1.234567901234568e-6,multigrid,true,vertex_centric,3,100,visibility,none,false,pbjacobi,2,2,vcycle
5,2.0,1.391537027,31419,360462350,9685899,2.273955208,0.28190215244540623,5,1.558606634,37.21516712078043,9.389958446215269e-7,0.00017849094262882204,7.023573127611933e-7,0.03703515485918058,4.1152263374485594e-7,multigrid,true,vertex_centric,3,100,visibility,none,false,pbjacobi,2,2,vcycle
6,2.0,0.90487543,31419,360461000,9685899,2.573040502,0.4194070074583989,5,1.536005382,37.2150277429075,5.657182242552469e-7,8.754181693316006e-5,3.7327762036628004e-7,0.03190611395286283,1.371742112482853e-7,multigrid,true,vertex_centric,3,100,visibility,none,false,pbjacobi,2,2,vcycle
