problem,v,solve_time,schur_size,flops,schur_nnz,setup_time,rnorm,iters,schur_time,work,cost,gradient_norm,delta_cost,step_norm,damping,solver,use_constant_vecs,aggregation,num_levels,coarse_size,strength,smooth_prolongation,improve,smoother,presmooth,postsmooth,cycle
1,2.0,0.31055589,31419,144188008,9685899,2.250250802,0.3577031688142497,2,2.590047966,14.886383597433754,0.00015428692619586114,0.2650132701252638,0.567851521950417,0.3361535440067086,3.3333333333333335e-5,multigrid,true,vertex_centric,3,100,visibility,true,false,pbjacobi,2,2,vcycle
2,2.0,0.509739249,31419,216276702,9685899,2.255336138,0.4284924508597887,3,1.367279094,22.32902717651712,7.577166216090474e-6,0.013103320750981726,0.00014670975997977068,0.12547882709734276,1.1111111111111112e-5,multigrid,true,vertex_centric,3,100,visibility,true,false,pbjacobi,2,2,vcycle
3,2.0,0.851407199,31419,288369032,9685899,2.399461048,0.33125746696784353,4,1.23674895,29.772046146671567,3.178042469745172e-6,0.0013949846345835697,4.399123746345302e-6,0.0642686669469991,3.7037037037037037e-6,multigrid,true,vertex_centric,3,100,visibility,true,false,pbjacobi,2,2,vcycle
4,2.0,0.994288333,31419,360463010,9685899,2.722262129,0.1243494456150986,5,1.3573121270000001,37.21523526107386,1.6340672654555732e-6,0.00045212399592576007,1.5439752042895987e-6,0.04618357711848574,1.234567901234568e-6,multigrid,true,vertex_centric,3,100,visibility,true,false,pbjacobi,2,2,vcycle
5,2.0,0.832182918,31419,360462540,9685899,2.255905415,0.29002511574230655,5,1.513828413,37.2151867369255,9.366542099408776e-7,0.0001697783613227535,6.974130555146956e-7,0.03670671488687455,4.1152263374485594e-7,multigrid,true,vertex_centric,3,100,visibility,true,false,pbjacobi,2,2,vcycle
6,2.0,1.12334317,31419,360461000,9685899,2.470070316,0.41346450049899697,5,1.3631798210000001,37.2150277429075,5.644126410150156e-7,8.535755847355064e-5,3.72241568925862e-7,0.03177285194872777,1.371742112482853e-7,multigrid,true,vertex_centric,3,100,visibility,true,false,pbjacobi,2,2,vcycle
