problem,v,solve_time,schur_size,flops,schur_nnz,setup_time,rnorm,iters,schur_time,work,cost,gradient_norm,delta_cost,step_norm,damping,solver,use_constant_vecs,aggregation,num_levels,coarse_size,strength,smooth_prolongation,improve,smoother,presmooth,postsmooth,cycle
1,2.0,0.305177901,31419,131254696,9685899,2.388079586,0.2886006858687851,2,2.445892227,13.551111363023711,0.00014037987277735767,0.262545648373666,0.5678654290038355,0.2933557203379802,3.3333333333333335e-5,multigrid,true,vertex_centric,2,1,visibility,none,false,pbjacobi,2,2,vcycle
2,2.0,0.468759801,31419,196877712,9685899,2.320352036,0.4187066919301648,3,1.369806067,20.326219796427775,6.3795553405681246e-6,0.008773597830904924,0.00013400031743678956,0.11191574136723911,1.1111111111111112e-5,multigrid,true,vertex_centric,2,1,visibility,none,false,pbjacobi,2,2,vcycle
3,2.0,0.450212309,31419,196877286,9685899,2.473376586,0.3152730658714521,3,1.263919125,20.32617581496565,2.8144104474740793e-6,0.0005734868866222647,3.5651448930940453e-6,0.054647026782715005,3.7037037037037037e-6,multigrid,true,vertex_centric,2,1,visibility,none,false,pbjacobi,2,2,vcycle
4,2.0,0.638643639,31419,262502200,9685899,2.402700264,0.1991650507554635,4,1.319147385,27.101480203334766,1.4873617201598364e-6,0.00025080476465667346,1.3270487273142429e-6,0.039864669307284537,1.234567901234568e-6,multigrid,true,vertex_centric,2,1,visibility,none,false,pbjacobi,2,2,vcycle
5,2.0,0.72156164,31419,262503016,9685899,2.489753818,0.26977834634168574,4,1.3644927,27.101564449515735,8.646496971611583e-7,0.00013169946936100266,6.227120229986781e-7,0.031541383441006494,4.1152263374485594e-7,multigrid,true,vertex_centric,2,1,visibility,none,false,pbjacobi,2,2,vcycle
6,2.0,0.682263319,31419,262502672,9685899,2.834581771,0.391324946251212,4,1.392073718,27.101528933968854,5.245951400514517e-7,6.928558965494007e-5,3.400545571097066e-7,0.027313571822765014,1.371742112482853e-7,multigrid,true,vertex_centric,2,1,visibility,none,false,pbjacobi,2,2,vcycle
