problem,v,solve_time,schur_size,flops,schur_nnz,setup_time,rnorm,iters,schur_time,work,cost,gradient_norm,delta_cost,step_norm,damping,solver
1,2.0,2.767737913,52785,1588415724,27333693,0.109741266,0.0008816077331265509,58,5.258851108,58.11200572129057,0.1323812665804186,7.103332504419132,27.925012816265163,1.3161852277099024,3.3333333333333335e-5,pbjacobi
2,2.0,4.965912216,52785,2820807234,27333693,0.110688833,0.0002659807377918964,103,3.188887866,103.19890671194705,0.0007448281327959024,0.3145822544793522,0.13163643844762268,0.4443557901200437,1.1111111111111112e-5,pbjacobi
3,2.0,9.528928454,52785,3505469184,27333693,0.372679004,0.0008242495761412925,128,5.242668277,128.24718504008953,0.00011224927051031623,0.006448225818782584,0.0006325788622855862,0.17879733146636706,3.7037037037037037e-6,pbjacobi
4,2.0,4.484625832,52785,1588415724,27333693,0.133621132,0.05676963426424521,58,3.729985459,58.11200572129057,6.228246569465464e-5,0.00216265639570063,4.9966804815661586e-5,0.13923202960701755,1.234567901234568e-6,pbjacobi
5,2.0,5.8503541,52785,2218304718,27333693,0.122293344,0.05411578756861719,81,4.046829566,81.15642178318166,3.6371830640422135e-5,0.0009173962959608904,2.591063505423251e-5,0.13251371911959867,4.1152263374485594e-7,pbjacobi
6,2.0,5.714667597,52785,2601715410,27333693,0.110033782,0.2504334387758837,95,3.85033199,95.18345764694145,2.15728495373091e-5,0.0010842981806072171,1.4798981103113034e-5,0.1378530925970085,1.371742112482853e-7,pbjacobi
