problem,v,solve_time,schur_size,flops,schur_nnz,setup_time,rnorm,iters,schur_time,work,cost,gradient_norm,delta_cost,step_norm,damping,solver,use_constant_vecs,aggregation,num_levels,coarse_size,strength,smooth_prolongation,improve,smoother,presmooth,postsmooth,cycle
1,2.0,0.693733755,52785,357484044,27333693,3.956101954,0.25813571229865084,2,5.393181463,13.078512442500909,0.13987894411790622,7.354487510608504,27.917515138727673,1.8545220352739122,3.3333333333333335e-5,multigrid,true,vertex_centric,2,1,visibility,none,false,pbjacobi,2,2,vcycle
2,2.0,1.038303715,52785,536218212,27333693,4.019927251,0.3761180545223814,3,3.133030472,19.61748132606889,0.0011572690858013342,0.44800622189815587,0.1387216750321049,0.8275299081851214,1.1111111111111112e-5,multigrid,true,vertex_centric,2,1,visibility,none,false,pbjacobi,2,2,vcycle
3,2.0,9.192333416,52785,3753514296,27333693,5.178715152,0.00018860886960628593,21,3.923020861,137.32188680102612,0.00020156246934159504,0.11322802502386217,0.0009557066164597391,0.4278763527083526,3.7037037037037037e-6,multigrid,true,vertex_centric,2,1,visibility,none,false,pbjacobi,2,2,vcycle
4,2.0,6.813599836,52785,2323600110,27333693,5.344557742,0.012900194447679161,13,3.9219770240000003,85.00864153263154,6.90461132323818e-5,0.013083634630174772,0.00013251635610921325,0.24436750357530007,1.234567901234568e-6,multigrid,true,vertex_centric,2,1,visibility,none,false,pbjacobi,2,2,vcycle
5,2.0,0.706020512,52785,357477612,27333693,5.352433479,0.8912220782445066,2,4.411537104,13.078277128524126,4.000030028411785e-5,0.0019243708592370605,2.904581294826394e-5,0.16998804013670582,4.1152263374485594e-7,multigrid,true,vertex_centric,2,1,visibility,none,false,pbjacobi,2,2,vcycle
6,2.0,1.321433882,52785,536215920,27333693,3.971249275,0.6074222255756524,3,3.089504608,19.617397473513734,2.3240374982637783e-5,0.003075489451107189,1.675992530148007e-5,0.18287013831495533,1.371742112482853e-7,multigrid,true,vertex_centric,2,1,visibility,none,false,pbjacobi,2,2,vcycle
