problem,v,solve_time,schur_size,flops,schur_nnz,setup_time,rnorm,iters,schur_time,work,cost,gradient_norm,delta_cost,step_norm,damping,solver,use_constant_vecs,aggregation,num_levels,coarse_size,strength,smooth_prolongation,improve,smoother,presmooth,postsmooth,cycle
1,2.0,0.704397537,52785,390966764,27333693,3.864296462,0.27454488502836855,2,7.02693964,14.303473884776565,0.13828819980311163,7.628070501671281,27.91910588304247,2.0978194835885304,3.3333333333333335e-5,multigrid,true,vertex_centric,3,100,visibility,true,false,pbjacobi,2,2,vcycle
2,2.0,1.305532559,52785,586441674,27333693,4.228270523,1.0434357804745695,3,3.237350267,21.454900880023786,0.0012769229493344231,0.554350883444869,0.1370112768537772,0.8914610972164378,1.1111111111111112e-5,multigrid,true,vertex_centric,3,100,visibility,true,false,pbjacobi,2,2,vcycle
3,2.0,2.548046856,52785,1368362898,27333693,3.914390197,0.07212773598251371,7,3.193713149,50.06139850915864,0.00019281053791564786,0.0782841419181792,0.0010841124114187753,0.5049066458928455,3.7037037037037037e-6,multigrid,true,vertex_centric,3,100,visibility,true,false,pbjacobi,2,2,vcycle
4,2.0,5.950198461,52785,3323160272,27333693,3.838933857,0.016907911074649055,17,3.272492722,121.5774345603428,7.777869509213818e-5,0.013827048223725585,0.00011503184282350968,0.3091651777955399,1.234567901234568e-6,multigrid,true,vertex_centric,3,100,visibility,true,false,pbjacobi,2,2,vcycle
5,2.0,0.707669731,52785,390959792,27333693,3.791396182,1.3147817538294893,2,3.200391028,14.303218814962179,4.60908142659196e-5,0.004364801425221382,3.168788082621859e-5,0.19561174400376224,4.1152263374485594e-7,multigrid,true,vertex_centric,3,100,visibility,true,false,pbjacobi,2,2,vcycle
6,2.0,1.756154436,52785,977400190,27333693,3.806918618,1.043629330993333,5,3.2035791970000003,35.75807301267341,2.5755007716409576e-5,0.008304333978287868,2.033580654951002e-5,0.23830608343430107,1.371742112482853e-7,multigrid,true,vertex_centric,3,100,visibility,true,false,pbjacobi,2,2,vcycle
