problem,v,solve_time,schur_size,flops,schur_nnz,setup_time,rnorm,iters,schur_time,work,cost,gradient_norm,delta_cost,step_norm,damping,solver,use_constant_vecs,aggregation,num_levels,coarse_size,strength,smooth_prolongation,improve,smoother,presmooth,postsmooth,cycle
1,2.0,0.705283976,52785,390966764,27333693,3.865175802,0.2062960216173518,2,5.607849636,14.303473884776565,0.1369054230403617,7.526046509238841,27.92048865980522,2.066219611419848,3.3333333333333335e-5,multigrid,true,vertex_centric,3,100,visibility,none,false,pbjacobi,2,2,vcycle
2,2.0,1.402552012,52785,781922944,27333693,3.863493868,0.1538469668608564,4,3.238906872,28.60656055513611,0.0012693101255375832,0.4997793708177231,0.13563611291482414,0.9275312647177117,1.1111111111111112e-5,multigrid,true,vertex_centric,3,100,visibility,none,false,pbjacobi,2,2,vcycle
3,2.0,4.950717027,52785,2736722996,27333693,3.82370521,0.013178795945373495,14,3.196644748,100.12269458064083,0.00017144413472965845,0.06853409981191946,0.0010978659908079248,0.4317581166605567,3.7037037037037037e-6,multigrid,true,vertex_centric,3,100,visibility,none,false,pbjacobi,2,2,vcycle
4,2.0,6.026946129,52785,3127682528,27333693,3.839658157,0.018497686192557535,16,3.207818174,114.42590388353304,7.400641146863122e-5,0.008429432818037994,9.743772326102724e-5,0.27487059908474765,1.234567901234568e-6,multigrid,true,vertex_centric,3,100,visibility,none,false,pbjacobi,2,2,vcycle
5,2.0,1.395322124,52785,781919904,27333693,3.811393906,0.7040882776052527,4,3.162438037,28.60644933708738,4.1927462208833565e-5,0.0038855483996436224,3.207894925979765e-5,0.21132228115292098,4.1152263374485594e-7,multigrid,true,vertex_centric,3,100,visibility,none,false,pbjacobi,2,2,vcycle
6,2.0,0.709320345,52785,390959904,27333693,4.050201363,1.3134704257817622,2,3.224152036,14.303222912469238,2.5907750568971593e-5,0.0031046874857274974,1.6019711639861972e-5,0.164657560721538,1.371742112482853e-7,multigrid,true,vertex_centric,3,100,visibility,none,false,pbjacobi,2,2,vcycle
