problem,solver,cost,cost_change,gradient_norm,step_norm,damping,iters,setup_time,solve_time,iter_time,eta,cameras,points,flops,loss,hostname
0,pbjacobi_implicit,8.29653e-07,0,0.0329438,0,0.0001,0,0,0,0.00368905,0.01,490,951,0,huber,sparrowhawk
1,pbjacobi_implicit,4.19084e-10,8.29234e-07,0.000142488,0.0175477,3.33333e-05,6,0.0028038,0.00176907,0.00935316,0.01,490,951,3221001,huber,sparrowhawk
2,pbjacobi_implicit,1.38679e-11,4.05216e-10,1.24426e-06,0.0219631,1.11111e-05,53,0.00205088,0.012512,0.0186479,0.01,490,951,27244827,huber,sparrowhawk
3,pbjacobi_implicit,2.02367e-12,1.18442e-11,1.83846e-07,0.00614292,3.7037e-06,183,0.002038,0.0425458,0.0486131,0.01,490,951,93340116,huber,sparrowhawk
4,pbjacobi_implicit,4.10549e-13,1.61312e-12,4.02809e-08,0.00568585,1.23457e-06,216,0.00201392,0.0501399,0.056191,0.01,490,951,109990314,huber,sparrowhawk
5,pbjacobi_implicit,9.80647e-14,3.12484e-13,1.52454e-08,0.00268113,4.11523e-07,353,0.00202012,0.081975,0.0880511,0.01,490,951,179772417,huber,sparrowhawk
6,pbjacobi_implicit,1.74211e-14,8.06436e-14,1.22842e-08,0.00260815,1.37174e-07,591,0.00202918,0.137358,0.143506,0.01,490,951,300862863,huber,sparrowhawk
7,pbjacobi_implicit,2.33985e-15,1.50813e-14,3.64109e-09,0.00161496,4.57247e-08,1118,0.00202203,0.259006,0.265107,0.01,490,951,568504710,huber,sparrowhawk
