problem,solver,cost,cost_change,gradient_norm,step_norm,damping,iters,setup_time,solve_time,iter_time,eta,cameras,points,flops,loss,hostname
0,visibility,8.29653e-07,0,0.0329438,0,0.0001,0,0,0,0.00348997,0.01,490,951,0,huber,sparrowhawk
1,visibility,3.75371e-10,8.29277e-07,0.000239115,0.00846653,3.33333e-05,3,0.0691299,0.00195813,0.0757499,0.01,490,951,2727144,huber,sparrowhawk
2,visibility,1.20809e-11,3.6329e-10,1.26141e-06,0.00395609,1.11111e-05,26,0.0208209,0.0124991,0.0375922,0.01,490,951,21220551,huber,sparrowhawk
3,visibility,1.80132e-12,1.02796e-11,1.52716e-07,0.00336282,3.7037e-06,52,0.0215189,0.0247049,0.0504849,0.01,490,951,42441102,huber,sparrowhawk
4,visibility,4.00177e-13,1.40115e-12,3.96469e-08,0.00288238,1.23457e-06,102,0.0210571,0.0478179,0.0731361,0.01,490,951,82922067,huber,sparrowhawk
5,visibility,9.71518e-14,3.03025e-13,1.08212e-08,0.00252346,4.11523e-07,145,0.021112,0.0685539,0.094013,0.01,490,951,117607860,huber,sparrowhawk
6,visibility,1.74757e-14,7.96761e-14,4.88218e-09,0.00210217,1.37174e-07,231,0.0210371,0.107943,0.133268,0.01,490,951,187405569,huber,sparrowhawk
7,visibility,2.50293e-15,1.49727e-14,3.04274e-09,0.00262354,4.57247e-08,324,0.021302,0.150229,0.175782,0.01,490,951,262572327,huber,sparrowhawk
