problem,solver,cost,cost_change,gradient_norm,step_norm,damping,iters,setup_time,solve_time,iter_time,eta,cameras,points,flops,loss,hostname
0,multigrid,8.29653e-07,0,0.0329438,0,0.0001,0,0,0,0.00359797,0.01,490,951,0,huber,sparrowhawk
1,multigrid,4.77822e-11,8.29605e-07,2.67538e-05,0.0162771,3.33333e-05,2,44.5352,2.17905,46.7189,0.01,490,951,9105129,huber,sparrowhawk
2,multigrid,2.94091e-12,4.48412e-11,3.98785e-07,0.00662857,1.11111e-05,9,0.157359,0.0644989,0.226289,0.01,490,951,39479634,huber,sparrowhawk
3,multigrid,3.94056e-13,2.54685e-12,9.23687e-08,0.00612376,3.7037e-06,16,0.156362,0.110565,0.271224,0.01,490,951,70283430,huber,sparrowhawk
4,multigrid,6.94875e-14,3.24569e-13,2.89362e-08,0.00508187,1.23457e-06,28,0.160574,0.197519,0.362344,0.01,490,951,122782269,huber,sparrowhawk
5,multigrid,1.55425e-14,5.3945e-14,1.0577e-08,0.00297375,4.11523e-07,45,0.145095,0.318061,0.46739,0.01,490,951,197405820,huber,sparrowhawk
6,multigrid,3.59675e-15,1.19457e-14,2.75914e-09,0.00182143,1.37174e-07,69,0.142203,0.489276,0.63575,0.01,490,951,302413260,huber,sparrowhawk
