condition_number,smallest,largest
9.2663431813205e11,3.9497293743969534e-12,3.6599547856504495