problem,v,solve_time,schur_size,flops,schur_nnz,setup_time,rnorm,iters,schur_time,work,cost,gradient_norm,delta_cost,step_norm,damping,solver,use_constant_vecs,aggregation,num_levels,coarse_size,strength,smooth_prolongation,improve,smoother,presmooth,postsmooth,cycle
1,2.0,4.292233749,82845,2295530480,68444595,6.850218067,0.022756731606646492,5,14.917324418,33.53852090146782,0.42903344482691785,23.86518495259698,54.63565750061931,1.835710925732746,3.3333333333333335e-5,multigrid,true,vertex_centric,3,100,visibility,none,false,pbjacobi,2,2,vcycle
2,2.0,6.807437353,82845,3672825376,68444595,6.854070468,0.03583365617395586,8,8.259290949,53.661291676866526,0.01049892779928252,3.2269907046308886,0.41853451702763533,0.7516816760443543,1.1111111111111112e-5,multigrid,true,vertex_centric,3,100,visibility,none,false,pbjacobi,2,2,vcycle
3,2.0,2.556128269,82845,1377306252,68444595,6.675407025,0.21999685555611007,3,8.117675964,20.122936690618157,0.00036513016250983043,0.29490564575740663,0.01013379763677269,0.3661981130422087,3.7037037037037037e-6,multigrid,true,vertex_centric,3,100,visibility,none,false,pbjacobi,2,2,vcycle
4,2.0,1.725905244,82845,918203752,68444595,6.697475987,0.9859881800832758,2,8.107833488,13.415285049170063,0.00012417494012274182,0.01616154498282354,0.00024095522238708862,0.2203405782688692,3.6078218480089583e-6,multigrid,true,vertex_centric,3,100,visibility,none,false,pbjacobi,2,2,vcycle
5,2.0,3.319780146,82845,1836406064,68444595,6.662128486,0.9568618959788626,4,8.149851711,26.830549059425365,8.25303286958492e-5,0.01374987284323755,4.164461142689262e-5,0.15074088099302774,1.2026072826696527e-6,multigrid,true,vertex_centric,3,100,visibility,none,false,pbjacobi,2,2,vcycle
6,2.0,10.027746771,82845,5509218408,68444595,6.755980173,0.302073413106646,12,8.098034038,80.4916503341133,4.95243235028099e-5,0.004829966199202701,3.30060051930393e-5,0.20647516319473813,4.0086909422321755e-7,multigrid,true,vertex_centric,3,100,visibility,none,false,pbjacobi,2,2,vcycle
