condition_number,smallest,largest
9997.376828046108,0.00025254409408776986,2.5247784742929666