condition_number,smallest,largest
913256.0690328588,3.2502039246496434e-6,2.9682684597807034