condition_number,smallest,largest
794130.2182026961,3.207350296752562e-6,2.547053791012594