problem,solver,cost,cost_change,gradient_norm,step_norm,damping,iters,setup_time,solve_time,iter_time,eta,cameras,points,flops,loss
0,multigrid,24.5575,0,13259.5,0,0.0001,0,0,0,0.055275,0.1,4999,3812,0,none
1,multigrid,0.0024869,24.555,172.257,5.12275,3.33333e-05,2,70.4481,1.80275,72.3317,0.1,4999,3812,350961474,none
2,multigrid,6.10168e-05,0.00242588,15.4656,1.21693,1.11111e-05,3,6.10669,0.287765,6.47282,0.1,4999,3812,523252617,none
3,multigrid,2.52837e-05,3.57332e-05,1.29433,1.78304,3.7037e-06,3,6.42174,0.285028,6.78486,0.1,4999,3812,523252857,none
4,multigrid,4.19645e-06,2.10872e-05,1.40996,2.03845,1.23457e-06,4,6.36217,0.366748,6.80744,0.1,4999,3812,695539372,none
5,multigrid,2.5361e-07,3.94284e-06,0.426524,1.13005,4.11523e-07,4,6.52424,0.365023,6.96782,0.1,4999,3812,695534484,none
6,multigrid,1.99139e-08,2.33696e-07,0.866721,0.309075,1.37174e-07,12,6.68305,1.09712,7.85858,0.1,4999,3812,2080185780,none
7,multigrid,3.78098e-09,1.61329e-08,0.415626,0.175533,8.10754e-08,25,6.41015,2.30411,8.79269,0.1,4999,3812,4326244713,none
