problem,solver,cost,cost_change,gradient_norm,step_norm,damping,iters,setup_time,solve_time,iter_time,eta,cameras,points,flops,loss
0,pbjacobi_implicit,24.5575,0,13259.5,0,0.0001,0,0,0,0.0511708,0.1,4999,3812,0,none
1,pbjacobi_implicit,0.000748204,24.5568,107.948,7.53093,3.33333e-05,20,0.041064,0.0780249,0.191089,0.1,4999,3812,155249988,none
2,pbjacobi_implicit,9.37612e-05,0.000654443,28.3696,1.41432,1.11111e-05,166,0.0344911,0.608528,0.713744,0.1,4999,3812,1238031522,none
3,pbjacobi_implicit,4.01847e-05,5.35765e-05,2.9595,2.1064,3.7037e-06,289,0.034513,1.05624,1.16114,0.1,4999,3812,2151552519,none
4,pbjacobi_implicit,8.51724e-06,3.16675e-05,5.97773,2.57224,1.23457e-06,305,0.0344579,1.1155,1.22048,0.1,4999,3812,2273193351,none
5,pbjacobi_implicit,8.8584e-07,7.6314e-06,7.88005,1.58072,4.11523e-07,393,0.0345271,1.43741,1.54232,0.1,4999,3812,2929422135,none
6,pbjacobi_implicit,1.07245e-07,7.78596e-07,1.52763,0.562294,1.71536e-07,513,0.034514,1.87468,1.97958,0.1,4999,3812,3822534687,none
7,pbjacobi_implicit,2.60556e-08,8.11891e-08,0.703359,0.283284,1.00431e-07,749,0.0345049,2.73326,2.83782,0.1,4999,3812,5575150635,none
8,pbjacobi_implicit,1.117e-08,1.48856e-08,0.328417,0.247326,6.26816e-08,1654,0.034435,6.03482,6.13964,0.1,4999,3812,12313906746,none
