problem,solver,cost,cost_change,gradient_norm,step_norm,damping,iters,setup_time,solve_time,iter_time,eta,cameras,points,flops,loss
0,visibility,1.55232e-19,0,8.62019e-07,0,0.0001,0,0,0,0.057857,0.1,4999,3812,0,huber
1,visibility,2.66505e-18,-2.50982e-18,0,5.32916e-10,0.0002,61,17.3115,0.796181,18.1466,0.1,4999,3812,903811794,huber
2,visibility,2.65475e-18,-2.49952e-18,0,5.2675e-10,0.0008,44,0.630686,0.560226,1.21871,0.1,4999,3812,651615168,huber
3,visibility,2.62831e-18,-2.47308e-18,0,5.04425e-10,0.0064,23,0.640367,0.292794,0.960963,0.1,4999,3812,343088934,huber
4,visibility,2.54334e-18,-2.38811e-18,0,4.03879e-10,0.1024,9,0.641808,0.154592,0.833802,0.1,4999,3812,133139514,huber
5,visibility,2.17248e-18,-2.01724e-18,0,2.63737e-10,3.2768,4,0.680731,0.065764,0.781826,0.1,4999,3812,62727504,huber
6,visibility,7.22226e-20,5.82065e-20,7.00205e-07,1.34403e-10,3.2768,2,0.653765,0.036366,0.770878,0.1,4999,3812,34562700,huber
