problem,solver,cost,cost_change,gradient_norm,step_norm,damping,iters,setup_time,solve_time,iter_time,eta,cameras,points,flops,loss
0,pbjacobi_implicit,923.332,0,109889,0,0.0001,0,0,0,0.065644,0.1,4999,3812,0,none
1,pbjacobi_implicit,0.79764,922.534,5342.18,35.9802,3.33333e-05,20,0.0574381,0.120975,0.337709,0.1,4999,3812,155249988,none
2,pbjacobi_implicit,0.00553837,0.792102,355.465,5.98137,1.11111e-05,5,0.0876088,0.0551472,0.260179,0.1,4999,3812,40411971,none
3,pbjacobi_implicit,0.0040047,0.00153366,311.378,11.7621,1.1204e-05,315,0.0481591,2.25479,2.39828,0.1,4999,3812,2347619397,none
4,pbjacobi_implicit,0.00168188,0.00232283,6.72085,0.443891,3.73468e-06,5,0.0501902,0.039325,0.18721,0.1,4999,3812,40411971,none
5,pbjacobi_implicit,0.00118994,0.000491934,169.708,14.2924,3.80538e-06,325,0.049294,2.27049,2.41058,0.1,4999,3812,2422045443,none
6,pbjacobi_implicit,0.000112721,0.00107722,92.3862,6.70357,1.26846e-06,311,0.0424359,1.8075,1.95623,0.1,4999,3812,2320408137,none
7,pbjacobi_implicit,3.04181e-05,8.2303e-05,31.0989,4.36068,1.06597e-06,433,0.042397,2.40698,2.53702,0.1,4999,3812,3227126319,none
