condition_number,smallest,largest
1.809150684565752e9,2.344945499012042e-9,4.242359754807015