problem,solver,cost,cost_change,gradient_norm,step_norm,damping,iters,setup_time,solve_time,iter_time,eta,cameras,points,flops
0,multigrid,1.86563,0,31.2029,0,0.0001,0,0,0,0.0599139,0.1,7567,2858,0
1,multigrid,0.0266353,1.83899,22.0631,22.4834,3.33333e-05,3,198.055,2.98373,201.119,0.1,7567,2858,1891361163
2,multigrid,0.0176626,0.00897275,34.7171,19.3146,3.42234e-05,2,148.949,1.23822,150.264,0.1,7567,2858,1262977768
3,multigrid,0.00511882,0.0125438,31.57,6.46996,3.08847e-05,2,148.704,1.23576,150.018,0.1,7567,2858,1262977768
4,multigrid,0.000302061,0.00481676,2.09793,5.8191,1.02949e-05,4,148.894,2.54386,151.515,0.1,7567,2858,2519744558
5,multigrid,0.000756596,-0.000454535,0,9.10648,2.05898e-05,11,148.776,6.81265,155.615,0.1,7567,2858,6924639301
6,multigrid,0.000334254,-3.2193e-05,0,7.24344,8.23593e-05,10,148.551,6.22347,154.799,0.1,7567,2858,6296255906
