problem,solver,cost,cost_change,gradient_norm,step_norm,damping,iters,setup_time,solve_time,iter_time,eta,cameras,points,flops,loss,hostname
0,multigrid,1.86563,0,31.2029,0,0.0001,0,0,0,0.0594699,0.1,7567,2858,0,none,sparrowhawk
1,multigrid,1.86563,0,31.2029,0,0.0002,32,59.2198,9.30153,68.5327,0.1,7567,2858,10043032936,none,sparrowhawk
2,multigrid,0.00774806,1.85788,3.4724,14.1523,6.66667e-05,2,9.57075,0.454486,10.1026,0.1,7567,2858,632347792,none,sparrowhawk
3,multigrid,0.00774806,0,3.4724,0,0.000133333,36,9.74835,8.16659,17.9239,0.1,7567,2858,11295230028,none,sparrowhawk
4,multigrid,0.0022231,0.00552496,1.22361,7.87565,4.44444e-05,2,9.55769,0.4416,10.0763,0.1,7567,2858,632343540,none,sparrowhawk
5,multigrid,0.0022231,0,1.22361,0,8.88889e-05,29,9.91548,6.55254,16.4769,0.1,7567,2858,9097551313,none,sparrowhawk
6,multigrid,0.0022231,0,1.22361,0,0.000355556,28,9.59326,6.31686,15.9172,0.1,7567,2858,8784485162,none,sparrowhawk
7,multigrid,0.0022231,0,1.22361,0,0.00284444,50,9.4451,11.1549,20.607,0.1,7567,2858,15690573418,none,sparrowhawk
8,multigrid,0.0022231,0,1.22361,0,0.0455111,359,9.55754,80.7488,90.3133,0.1,7567,2858,112614343417,none,sparrowhawk
