problem,v,solve_time,schur_size,flops,schur_nnz,setup_time,rnorm,iters,schur_time,work,cost,gradient_norm,delta_cost,step_norm,damping,solver
1,2.0,4.370694715,68103,2172076992,45183501,0.174579745,0.0011797932259959062,48,12.165371234,48.072348178597316,2.1892273948829346e-5,0.07881514448929912,0.28117110509210924,0.1249748465254581,3.3333333333333335e-5,pbjacobi
2,2.0,1.790993979,68103,588270852,45183501,0.185842926,0.08636556445730764,13,11.806823003,13.019594298370107,2.1933041134273635e-6,0.0010983308001014894,1.9698969835401983e-5,0.023210184428749028,1.1111111111111112e-5,pbjacobi
3,2.0,4.293981211,68103,2126825388,45183501,0.1674841,0.1018756385267797,47,12.007373965000001,47.070840924876535,1.1420469598986804e-6,0.00011467701625728328,1.0512571535286831e-6,0.017792939102001887,3.7037037037037037e-6,pbjacobi
4,2.0,6.051136672,68103,2353083408,45183501,0.295123738,0.23278131575893005,52,12.578780904,52.07837719348043,6.599463747770411e-7,6.16695523950766e-5,4.821005851216392e-7,0.01439806757552827,1.234567901234568e-6,pbjacobi
5,2.0,4.888866651,68103,2488838220,45183501,0.191595144,0.14557015958916286,55,14.43893143,55.08289895464276,3.948425700061446e-7,3.197326498165638e-5,2.6510380477089654e-7,0.013535450517454858,4.1152263374485594e-7,pbjacobi
6,2.0,5.245359797,68103,2669844636,45183501,0.168818186,0.14396363857283237,59,12.095558859999999,59.08892796952587,2.389788751419883e-7,3.0327257994787205e-5,1.5586369486415633e-7,0.01409094175910282,1.371742112482853e-7,pbjacobi
