problem,v,solve_time,schur_size,flops,schur_nnz,setup_time,rnorm,iters,schur_time,work,cost,gradient_norm,delta_cost,step_norm,damping,solver,use_constant_vecs,aggregation,num_levels,coarse_size,strength,smooth_prolongation,improve,smoother,presmooth,postsmooth,cycle
1,2.0,1.386039138,68103,567738644,45183501,8.243614259,0.13978882570385806,2,17.552288779,12.565176036270408,3.825773566063271e-5,0.09463020625458568,0.28115473963039744,0.19988154853446344,3.3333333333333335e-5,multigrid,true,vertex_centric,2,1,visibility,none,false,pbjacobi,2,2,vcycle
2,2.0,1.365356487,68103,567733616,45183501,7.37048127,0.9949317287509662,2,12.313168845,12.565064756712854,1.0529101406905458e-5,0.023422863176484333,2.7728634253727253e-5,0.05037596176073793,1.1111111111111112e-5,multigrid,true,vertex_centric,2,1,visibility,none,false,pbjacobi,2,2,vcycle
3,2.0,3.089455827,68103,1419334190,45183501,7.359609849,0.14996441244176734,5,12.487307058999999,31.412665211578005,2.2401463657374365e-6,0.004598356238487102,8.288955041168022e-6,0.06879934562858037,3.7037037037037037e-6,multigrid,true,vertex_centric,2,1,visibility,none,false,pbjacobi,2,2,vcycle
4,2.0,1.317396969,68103,567733396,45183501,7.393989524,0.5023151101343806,2,12.470320187999999,12.565059887678911,1.4586795016337524e-6,0.0019388650930650313,7.814668641036842e-7,0.02648253377971832,1.234567901234568e-6,multigrid,true,vertex_centric,2,1,visibility,none,false,pbjacobi,2,2,vcycle
5,2.0,3.412284779,68103,1703199576,45183501,7.247848265,0.5598920086351895,6,12.082641283000001,37.69516611826959,6.198738601599187e-7,0.001211527601253617,8.388056414738337e-7,0.05463608939623136,4.1152263374485594e-7,multigrid,true,vertex_centric,2,1,visibility,none,false,pbjacobi,2,2,vcycle
6,2.0,2.252018639,68103,1135466016,45183501,7.050113283,0.5181902922188694,4,12.04891037,25.13010260094719,2.949731663619509e-7,0.0006255697607243044,3.249006937979678e-7,0.05152577024140655,1.371742112482853e-7,multigrid,true,vertex_centric,2,1,visibility,none,false,pbjacobi,2,2,vcycle
7,2.0,1.245046561,68103,567733448,45183501,7.325547571,1.0940430343438368,2,11.936447889,12.56506103854148,1.887925380645054e-7,0.0005208610806690566,1.0618062829744548e-7,0.02254017868589597,4.572473708276176e-8,multigrid,true,vertex_centric,2,1,visibility,none,false,pbjacobi,2,2,vcycle
